owned052	rc=0	disagree	LocalObjectReference.Name	list	ImagePullSecrets	list_json	imagePullSecrets,omitempty	elem	LocalObjectReference	field	Name	json	name,omitempty	optional	+optional,omitempty	protobuf	opt	identity	listMapKey,patchMergeKey
owned052_check	rc=1	disagree	LocalObjectReference.Name	list	ImagePullSecrets	list_json	imagePullSecrets,omitempty	elem	LocalObjectReference	field	Name	json	name,omitempty	optional	+optional,omitempty	protobuf	opt	identity	listMapKey,patchMergeKey
excerpt052	rc=0	disagree	LocalObjectReference.Name	list	ImagePullSecrets	list_json	imagePullSecrets,omitempty	elem	LocalObjectReference	field	Name	json	name,omitempty	optional	+optional,omitempty	protobuf	opt	identity	listMapKey,patchMergeKey
apply052	rc=0	disagree	hostAliases.ip	list	hostAliases	list_json	hostAliases	elem	hostAliases	field	ip	json	ip	optional	not-required	protobuf	-	identity	x-kubernetes-list-map-keys
empty_json_name	rc=0	disagree	Item.Name	list	Items	list_json	items	elem	Item	field	Name	json	,omitempty	optional	omitempty	protobuf	-	identity	listMapKey
empty_json_stdin	rc=0	disagree	Item.Name	list	Items	list_json	items	elem	Item	field	Name	json	,omitempty	optional	omitempty	protobuf	-	identity	listMapKey
wrong_wire	rc=0	missing	HostAlias.ip	list	HostAliases	list_json	hostAliases	elem	HostAlias	field	ip	json	-	optional	-	protobuf	-	identity	listMapKey
go_name_address	rc=0	missing	HostAlias.IP	list	HostAliases	list_json	hostAliases	elem	HostAlias	field	IP	json	-	optional	-	protobuf	-	identity	listMapKey
casefold_IP_ip	rc=0	disagree	HostAlias.IP	list	HostAliases	list_json	hostAliases	elem	HostAlias	field	IP	json	ip,omitempty	optional	omitempty	protobuf	-	identity	listMapKey
casefold_ip_IP	rc=0	disagree	HostAlias.IP	list	HostAliases	list_json	hostAliases	elem	HostAlias	field	IP	json	IP,omitempty	optional	omitempty	protobuf	-	identity	listMapKey
sibling_owns_ip	rc=0	disagree	HostAlias.Addr	list	HostAliases	list_json	hostAliases	elem	HostAlias	field	Addr	json	ip,omitempty	optional	omitempty	protobuf	-	identity	listMapKey
listmap_ip_json_address	rc=0	missing	HostAlias.ip	list	HostAliases	list_json	hostAliases	elem	HostAlias	field	ip	json	-	optional	-	protobuf	-	identity	listMapKey
json_dash	rc=0	missing	Item.name	list	Items	list_json	items	elem	Item	field	name	json	-	optional	-	protobuf	-	identity	listMapKey
json_dash_Name	rc=0	missing	Item.Name	list	Items	list_json	items	elem	Item	field	Name	json	-	optional	-	protobuf	-	identity	listMapKey
no_json_tag_Name	rc=0	agree	Item.Name	list	Items	list_json	items	elem	Item	field	Name	json	Name	optional	-	protobuf	-	identity	listMapKey
no_json_tag_name	rc=0	agree	Item.Name	list	Items	list_json	items	elem	Item	field	Name	json	Name	optional	-	protobuf	-	identity	listMapKey
dup_json_names	rc=0	collision	Item.A,B	list	Items	list_json	items	elem	Item	field	A,B	json	name,omitempty,name	optional	-	protobuf	-	identity	listMapKey
dup_type	rc=0	collision	HostAlias.ip	list	HostAliases	list_json	hostAliases	elem	HostAlias	field	ip	json	duplicate-type	optional	-	protobuf	-	identity	listMapKey
dup_listmapkey	rc=0	disagree	Item.Name	list	Items	list_json	items	elem	Item	field	Name	json	name,omitempty	optional	omitempty	protobuf	-	identity	listMapKey
dup_listmapkey_comma	rc=0	disagree	Item.Name	list	Items	list_json	items	elem	Item	field	Name	json	name,omitempty	optional	omitempty	protobuf	-	identity	listMapKey
yaml_crd	rc=0	disagree	imagePullSecrets.name	list	imagePullSecrets	list_json	imagePullSecrets	elem	imagePullSecrets	field	name	json	name	optional	not-required	protobuf	-	identity	x-kubernetes-list-map-keys
yaml_required	rc=0	agree	ports.containerPort	list	ports	list_json	ports	elem	ports	field	containerPort	json	containerPort	optional	-	protobuf	-	identity	x-kubernetes-list-map-keys
yaml_default	rc=0	agree	hostAliases.ip	list	hostAliases	list_json	hostAliases	elem	hostAliases	field	ip	json	ip	optional	default	protobuf	-	identity	x-kubernetes-list-map-keys
yaml_ref	rc=0	disagree	hostAliases.ip	list	hostAliases	list_json	hostAliases	elem	hostAliases	field	ip	json	ip	optional	not-required	protobuf	-	identity	x-kubernetes-list-map-keys
yaml_flow_keys	rc=0	disagree	hostAliases.ip	list	hostAliases	list_json	hostAliases	elem	hostAliases	field	ip	json	ip	optional	not-required	protobuf	-	identity	x-kubernetes-list-map-keys
yaml_hyphen_key	rc=2	unparsed	x-kubernetes-list-map-keys
json_crd	rc=2	unparsed	x-kubernetes-list-map-keys
full_crd_shape	rc=2	unparsed	x-kubernetes-list-map-keys
plus_default	rc=0	agree	Item.Name	list	Items	list_json	items	elem	Item	field	Name	json	name,omitempty	optional	omitempty,default	protobuf	-	identity	listMapKey
plus_default_check	rc=0	agree	Item.Name	list	Items	list_json	items	elem	Item	field	Name	json	name,omitempty	optional	omitempty,default	protobuf	-	identity	listMapKey
bom	rc=0	agree	Item.Name	list	Items	list_json	items	elem	Item	field	Name	json	name	optional	-	protobuf	-	identity	listMapKey
spaces_eq	rc=0	disagree	Item.Name	list	Items	list_json	items	elem	Item	field	Name	json	name,omitempty	optional	omitempty	protobuf	-	identity	listMapKey
embed_inline	rc=0	disagree	HostAlias.IP	list	HostAliases	list_json	hostAliases	elem	HostAlias	field	IP	json	ip,omitempty	optional	omitempty	protobuf	-	identity	listMapKey
untagged_list	rc=0	disagree	Item.Name	list	Items	list_json	-	elem	Item	field	Name	json	name,omitempty	optional	omitempty	protobuf	-	identity	listMapKey
agree_name	rc=0	agree	Item.Name	list	Items	list_json	items,omitempty	elem	Item	field	Name	json	name	optional	-	protobuf	-	identity	listMapKey
agree_name_check	rc=0	agree	Item.Name	list	Items	list_json	items,omitempty	elem	Item	field	Name	json	name	optional	-	protobuf	-	identity	listMapKey
unseen_ports	rc=0	disagree	ContainerPort.ContainerPort	list	Ports	list_json	ports,omitempty	elem	ContainerPort	field	ContainerPort	json	containerPort,omitempty	optional	omitempty	protobuf	-	identity	listMapKey
identity_shaped_text	rc=2	unparsed	x-kubernetes-list-map-keys
identity_shaped_listmapkey_text	rc=2	unparsed	+listMapKey
join_none_empty	rc=0	join	none
block_comment	rc=2	unparsed	+listMapKey
patch_merge_only	rc=0	join	none
listmapkey_on_type	rc=2	unparsed	+listMapKey
protobuf_opt_required_json	rc=0	agree	Item.Name	list	Items	list_json	items	elem	Item	field	Name	json	name	optional	-	protobuf	opt	identity	listMapKey
omitzero	rc=0	disagree	Item.Name	list	Items	list_json	items	elem	Item	field	Name	json	name,omitzero	optional	omitzero	protobuf	-	identity	listMapKey
kubebuilder_optional	rc=0	disagree	Item.Name	list	Items	list_json	items	elem	Item	field	Name	json	name	optional	+optional	protobuf	-	identity	listMapKey
json_inline_named	rc=0	disagree	HostAlias.IP	list	HostAliases	list_json	hostAliases	elem	HostAlias	field	IP	json	ip,omitempty	optional	omitempty	protobuf	-	identity	listMapKey
json_inline_empty_name	rc=0	disagree	HostAlias.IP	list	HostAliases	list_json	hostAliases	elem	HostAlias	field	IP	json	ip,omitempty	optional	omitempty	protobuf	-	identity	listMapKey
go_yaml_same_blob	rc=0	disagree	LocalObjectReference.Name	list	ImagePullSecrets	list_json	imagePullSecrets,omitempty	elem	LocalObjectReference	field	Name	json	name,omitempty	optional	+optional,omitempty	protobuf	opt	identity	listMapKey,patchMergeKey
check_collision	rc=1	collision	HostAlias.ip	list	HostAliases	list_json	hostAliases	elem	HostAlias	field	ip	json	duplicate-type	optional	-	protobuf	-	identity	listMapKey
check_missing	rc=1	missing	HostAlias.ip	list	HostAliases	list_json	hostAliases	elem	HostAlias	field	ip	json	-	optional	-	protobuf	-	identity	listMapKey
check_allow_missing	rc=0	missing	HostAlias.ip	list	HostAliases	list_json	hostAliases	elem	HostAlias	field	ip	json	-	optional	-	protobuf	-	identity	listMapKey
two_files_split	rc=0	join	none
star_slice	rc=0	missing	-.ip	list	HostAliases	list_json	hostAliases	elem	-	field	ip	json	-	optional	-	protobuf	-	identity	listMapKey
type_alias	rc=0	missing	Alias.ip	list	HostAliases	list_json	hostAliases	elem	Alias	field	ip	json	-	optional	-	protobuf	-	identity	listMapKey
anon_struct	rc=2	unparsed	+listMapKey
generics	rc=0	missing	T.name	list	Items	list_json	items	elem	T	field	name	json	-	optional	-	protobuf	-	identity	listMapKey
listmapkey_on_elem_field	rc=0	missing	-.name	list	Name	list_json	name,omitempty	elem	-	field	name	json	-	optional	-	protobuf	-	identity	listMapKey
var_clears_markers	rc=2	unparsed	+listMapKey
same_line_marker	rc=0	disagree	Item.Name	list	Items	list_json	items	elem	Item	field	Name	json	name,omitempty	optional	omitempty	protobuf	-	identity	listMapKey
yaml_anchors	rc=2	unparsed	x-kubernetes-list-map-keys
observed_crd_fragment	rc=0	disagree	imagePullSecrets.name	list	imagePullSecrets	list_json	imagePullSecrets	elem	imagePullSecrets	field	name	json	name	optional	not-required	protobuf	-	identity	x-kubernetes-list-map-keys
yaml_required_wrong_level	rc=0	agree	hostAliases.ip	list	hostAliases	list_json	hostAliases	elem	hostAliases	field	ip	json	ip	optional	-	protobuf	-	identity	x-kubernetes-list-map-keys
optional_no_omitempty	rc=0	disagree	Item.Name	list	Items	list_json	items	elem	Item	field	Name	json	name	optional	+optional	protobuf	-	identity	listMapKey
json_name_tab	rc=0	missing	Item.name	list	Items	list_json	items	elem	Item	field	name	json	-	optional	-	protobuf	-	identity	listMapKey
listmapkey_empty_eq	rc=2	unparsed	+listMapKey
unparsed_plus_garbage_yaml	rc=2	unparsed	x-kubernetes-list-map-keys
dev_null	rc=0	join	none
missing_file	rc=1	
directory	rc=1	
multi_agree_ports	rc=0	agree	Item.Name	list	Items	list_json	items,omitempty	elem	Item	field	Name	json	name	optional	-	protobuf	-	identity	listMapKey
check_identity_text	rc=2	unparsed	x-kubernetes-list-map-keys
json_omitempty_listmapkey_omitempty	rc=0	missing	Item.omitempty	list	Items	list_json	items	elem	Item	field	omitempty	json	-	optional	-	protobuf	-	identity	listMapKey
two_case_json_collision	rc=0	disagree	Item.A	list	Items	list_json	items	elem	Item	field	A	json	name,omitempty	optional	omitempty	protobuf	-	identity	listMapKey
folded_only_collision	rc=0	collision	Item.A,B	list	Items	list_json	items	elem	Item	field	A,B	json	name,omitempty,Name	optional	-	protobuf	-	identity	listMapKey
split_files	rc=0	disagree	HostAlias.IP	list	HostAliases	list_json	hostAliases	elem	HostAlias	field	IP	json	ip,omitempty	optional	omitempty	protobuf	-	identity	listMapKey
split_files_reversed	rc=0	disagree	HostAlias.IP	list	HostAliases	list_json	hostAliases	elem	HostAlias	field	IP	json	ip,omitempty	optional	omitempty	protobuf	-	identity	listMapKey
